종목코드,종목명,시장구분,업종명,종가,대비,등락률,시가총액
"095570","AJ네트웍스","KOSPI","서비스업","4825","-70","-1.43","218344562175"
"006840","AK홀딩스","KOSPI","기타금융","15700","300","1.95","207986707700"
"027410","BGF","KOSPI","기타금융","3940","80","2.07","377124156540"
"282330","BGF리테일","KOSPI","유통업","118600","700","0.59","2049871251600"
"138930","BNK금융지주","KOSPI","기타금융","8300","-60","-0.72","2673334035400"
"001460","BYC","KOSPI","섬유의복","494000","1000","0.20","308559810000"
"001465","BYC우","KOSPI","섬유의복","180300","200","0.11","38833915500"
"001040","CJ","KOSPI","기타금융","120000","800","0.67","3501239760000"
"079160","CJ CGV","KOSPI","서비스업","5700","90","1.60","697861721700"
"00104K","CJ4우(전환)","KOSPI","기타금융","88000","-100","-0.11","371933056000"
"000120","CJ대한통운","KOSPI","운수창고업","118200","-1800","-1.50","2696419060800"
"011150","CJ씨푸드","KOSPI","음식료품","2715","0","0.00","97552048695"
"011155","CJ씨푸드1우","KOSPI","음식료품","20050","70","0.35","4010000000"
"001045","CJ우","KOSPI","기타금융","61800","700","1.15","139681781400"
"097950","CJ제일제당","KOSPI","음식료품","289500","1000","0.35","4358186847000"
"097955","CJ제일제당 우","KOSPI","음식료품","139300","2000","1.46","184911416900"
"000480","CR홀딩스","KOSPI","비금속광물","6170","40","0.65","289314323300"
"000590","CS홀딩스","KOSPI","기타금융","65700","200","0.31","75849467400"
"012030","DB","KOSPI","서비스업","1562","-13","-0.83","314233683346"
"016610","DB금융투자","KOSPI","증권","4545","0","0.00","192918838005"
"005830","DB손해보험","KOSPI","보험","103600","500","0.48","7334880000000"
"000990","DB하이텍","KOSPI","전기전자","45450","-50","-0.11","2017915824600"
"139130","DGB금융지주","KOSPI","기타금융","8950","-20","-0.22","1513855205350"
"001530","DI동일","KOSPI","유통업","26850","150","0.56","664232564550"
"000210","DL","KOSPI","화학","53000","400","0.76","1110661852000"
"000215","DL우","KOSPI","화학","26000","200","0.78","43838990000"
"375500","DL이앤씨","KOSPI","건설업","36750","350","0.96","1421990645250"
"37550L","DL이앤씨2우(전환)","KOSPI","건설업","24500","50","0.20","51742799500"
"37550K","DL이앤씨우","KOSPI","건설업","18770","-40","-0.21","39677621450"
"007340","DN오토모티브","KOSPI","전기전자","84100","-200","-0.24","840495820500"
"004840","DRB동일","KOSPI","화학","6280","-110","-1.72","125160400000"
"155660","DSR","KOSPI","철강금속","4270","-15","-0.35","68320000000"
"069730","DSR제강","KOSPI","철강금속","4180","15","0.36","60192000000"
"017860","DS단석","KOSPI","화학","150500","-8000","-5.05","882141302000"
"017940","E1","KOSPI","유통업","68000","-700","-1.02","466480000000"
"365550","ESR켄달스퀘어리츠","KOSPI","서비스업","4400","145","3.41","937591600000"
"383220","F&F","KOSPI","섬유의복","71200","3000","4.40","2727463740000"
"007700","F&F홀딩스","KOSPI","기타금융","15660","140","0.90","612530987220"
"114090","GKL","KOSPI","서비스업","12260","210","1.74","758350514200"
"078930","GS","KOSPI","기타금융","50200","-1500","-2.90","4664351975600"
"006360","GS건설","KOSPI","건설업","15190","-20","-0.13","1299982833100"
"001250","GS글로벌","KOSPI","유통업","2760","25","0.91","227793188640"
"007070","GS리테일","KOSPI","유통업","20750","-250","-1.19","2172896881500"
"078935","GS우","KOSPI","기타금융","39550","400","1.02","70589868300"
"012630","HDC","KOSPI","기타금융","8400","130","1.57","501830456400"
"039570","HDC랩스","KOSPI","건설업","8160","90","1.12","211814024160"
"089470","HDC현대EP","KOSPI","화학","4650","-35","-0.75","148335000000"
"294870","HDC현대산업개발","KOSPI","건설업","18500","220","1.20","1219285605000"
"009540","HD한국조선해양","KOSPI","기타금융","125900","-2000","-1.56","8910335304400"
"267250","HD현대","KOSPI","기타금융","68900","-1200","-1.71","5442623556500"
"267270","HD현대건설기계","KOSPI","기계","57300","-300","-0.52","1128855438900"
"322000","HD현대에너지솔루션","KOSPI","전기전자","22700","0","0.00","254240000000"
"042670","HD현대인프라코어","KOSPI","기계","8480","-90","-1.05","1692637281440"
"267260","HD현대일렉트릭","KOSPI","전기전자","166500","3900","2.40","6001847977500"
"329180","HD현대중공업","KOSPI","운수장비","125100","-1000","-0.79","11105516811600"
"097230","HJ중공업","KOSPI","건설업","3385","30","0.89","281883441185"
"014790","HL D&I","KOSPI","건설업","2025","25","1.25","76663667025"
"003580","HLB글로벌","KOSPI","광업","6730","-210","-3.03","299640893720"
"204320","HL만도","KOSPI","운수장비","32900","-50","-0.15","1544889248000"
"060980","HL홀딩스","KOSPI","기타금융","35850","0","0.00","364573348500"
"011200","HMM","KOSPI","운수창고업","15560","-330","-2.08","10721454557760"
"035000","HS애드","KOSPI","서비스업","6230","-10","-0.16","103214958070"
"003560","IHQ","KOSPI","서비스업","10760","0","0.00","58906362440"
"175330","JB금융지주","KOSPI","기타금융","13400","-190","-1.40","2614114853200"
"234080","JW생명과학","KOSPI","의약품","12580","-20","-0.16","199198689320"
"001060","JW중외제약","KOSPI","의약품","32800","-200","-0.61","763778504000"
"001067","JW중외제약2우B","KOSPI","의약품","60900","0","0.00","12787355700"
"001065","JW중외제약우","KOSPI","의약품","30500","200","0.66","10429505500"
"096760","JW홀딩스","KOSPI","기타금융","3180","-50","-1.55","235081315560"
"105560","KB금융","KOSPI","기타금융","74900","-1200","-1.58","30222979292800"
"432320","KB스타리츠","KOSPI","서비스업","4200","60","1.45","425939997000"
"002380","KCC","KOSPI","화학","286000","-3000","-1.04","2541530706000"
"344820","KCC글라스","KOSPI","비금속광물","41250","200","0.49","658783620000"
"009070","KCTC","KOSPI","운수창고업","3925","-25","-0.63","117750000000"
"009440","KC그린홀딩스","KOSPI","기타금융","2745","30","1.10","61584020100"
"119650","KC코트렐","KOSPI","기계","1436","11","0.77","73143277480"
"092220","KEC","KOSPI","전기전자","1480","-12","-0.80","297129448680"
"003620","KG모빌리티","KOSPI","운수장비","7170","-10","-0.14","1340474692080"
"016380","KG스틸","KOSPI","철강금속","7090","20","0.28","709063079730"
"001390","KG케미칼","KOSPI","화학","5890","10","0.17","403282645600"
"033180","KH 필룩스","KOSPI","전기전자","6630","0","0.00","120578742570"
"015590","KIB플러그에너지","KOSPI","기계","490","64","15.02","116120956560"
"001940","KISCO홀딩스","KOSPI","철강금속","24900","-1300","-4.96","402791862000"
"025000","KPX케미칼","KOSPI","화학","46100","150","0.33","223124000000"
"092230","KPX홀딩스","KOSPI","화학","58000","200","0.35","245029468000"
"000040","KR모터스","KOSPI","운수장비","1090","-20","-1.80","31754826120"
"044450","KSS해운","KOSPI","운수창고업","8300","-40","-0.48","191612804000"
"030200","KT","KOSPI","통신업","38750","400","1.04","9992104450000"
"033780","KT&G","KOSPI","기타제조업","92500","200","0.22","12054830972500"
"058850","KTcs","KOSPI","서비스업","3665","-35","-0.95","156440525000"
"058860","KTis","KOSPI","서비스업","2965","20","0.68","103187930000"
"093050","LF","KOSPI","섬유의복","14760","330","2.29","431582400000"
"003550","LG","KOSPI","기타금융","90400","-900","-0.99","14220009767200"
"034220","LG디스플레이","KOSPI","전기전자","10750","-460","-4.10","3846518775000"
"051900","LG생활건강","KOSPI","화학","381500","5000","1.33","5958342155500"
"051905","LG생활건강우","KOSPI","화학","167700","700","0.42","352119186900"
"373220","LG에너지솔루션","KOSPI","전기전자","413500","0","0.00","96759000000000"
"003555","LG우","KOSPI","기타금융","65700","400","0.61","198520434000"
"032640","LG유플러스","KOSPI","통신업","10020","10","0.10","4374845837220"
"011070","LG이노텍","KOSPI","전기전자","192400","-1500","-0.77","4553551386800"
"066570","LG전자","KOSPI","전기전자","99400","200","0.20","16266592711600"
"066575","LG전자우","KOSPI","전기전자","46200","1000","2.21","793992830400"
"037560","LG헬로비전","KOSPI","서비스업","3510","50","1.45","271838496150"
"051910","LG화학","KOSPI","화학","449500","10500","2.39","31731258178500"
"051915","LG화학우","KOSPI","화학","303000","1000","0.33","2329706400000"
"079550","LIG넥스원","KOSPI","기계","167300","2600","1.58","3680600000000"
"006260","LS","KOSPI","기타금융","110600","-400","-0.36","3561320000000"
"010120","LS ELECTRIC","KOSPI","전기전자","92800","200","0.22","2784000000000"
"000680","LS네트웍스","KOSPI","유통업","4565","-120","-2.56","359735768040"
"229640","LS에코에너지","KOSPI","기타금융","18160","-190","-1.04","556147802640"
"108320","LX세미콘","KOSPI","전기전자","78700","-800","-1.01","1280000410000"
"001120","LX인터내셔널","KOSPI","유통업","26250","200","0.77","1017450000000"
"108670","LX하우시스","KOSPI","화학","40600","900","2.27","364087402000"
"108675","LX하우시스우","KOSPI","화학","21050","250","1.20","21730546500"
"383800","LX홀딩스","KOSPI","기타금융","7010","10","0.14","534727636900"
"38380K","LX홀딩스1우","KOSPI","기타금융","9120","-30","-0.33","13363399200"
"023150","MH에탄올","KOSPI","음식료품","6360","0","0.00","46927425360"
"035420","NAVER","KOSPI","서비스업","188900","4500","2.44","30678983406600"
"181710","NHN","KOSPI","서비스업","25650","50","0.20","866101054950"
"400760","NH올원리츠","KOSPI","서비스업","3615","20","0.56","152553000000"
"005940","NH투자증권","KOSPI","증권","12930","60","0.47","4288440358530"
"005945","NH투자증권우","KOSPI","증권","11960","70","0.59","225696777280"
"338100","NH프라임리츠","KOSPI","서비스업","4285","0","0.00","79958100000"
"034310","NICE","KOSPI","서비스업","12150","-100","-0.82","455667245550"
"030190","NICE평가정보","KOSPI","서비스업","10860","310","2.94","652769296200"
"008260","NI스틸","KOSPI","철강금속","4725","-45","-0.94","135135552825"
"004250","NPC","KOSPI","화학","4995","45","0.91","183416400000"
"004255","NPC우","KOSPI","화학","2800","-10","-0.36","14784000000"
"456040","OCI","KOSPI","화학","83100","-200","-0.24","747113458500"
"010060","OCI홀딩스","KOSPI","화학","92200","-1600","-1.71","1807697356400"
"178920","PI첨단소재","KOSPI","화학","22100","200","0.91","648995716200"
"005490","POSCO홀딩스","KOSPI","철강금속","428500","500","0.12","36238772055000"
"010950","S-Oil","KOSPI","화학","77800","-500","-0.64","8758941217600"
"010955","S-Oil우","KOSPI","화학","49650","0","0.00","199688675550"
"034120","SBS","KOSPI","서비스업","28750","-1150","-3.85","533348092500"
"005090","SGC에너지","KOSPI","전기가스업","22600","100","0.44","325650925800"
"001380","SG글로벌","KOSPI","운수장비","2355","-80","-3.29","105890556765"
"004060","SG세계물산","KOSPI","유통업","431","1","0.23","87245157760"
"001770","SHD","KOSPI","철강금속","19680","-140","-0.71","23908799040"
"002360","SH에너지화학","KOSPI","화학","624","3","0.48","69347447520"
"009160","SIMPAC","KOSPI","철강금속","4405","55","1.26","288217017980"
"123700","SJM","KOSPI","운수장비","3710","-25","-0.67","57894171580"
"025530","SJM홀딩스","KOSPI","유통업","3935","35","0.90","58765321480"
"034730","SK","KOSPI","기타금융","191200","200","0.10","13995520504800"
"011790","SKC","KOSPI","화학","114800","-1500","-1.29","4347280610400"
"018670","SK가스","KOSPI","유통업","149900","500","0.33","1383613575600"
"001740","SK네트웍스","KOSPI","유통업","6230","-10","-0.16","1378561329460"
"006120","SK디스커버리","KOSPI","기타금융","44550","250","0.56","848136440250"
"006125","SK디스커버리우","KOSPI","기타금융","31850","0","0.00","43266791750"
"210980","SK디앤디","KOSPI","서비스업","24700","0","0.00","548097050800"
"395400","SK리츠","KOSPI","서비스업","4125","65","1.60","1114297300875"
"302440","SK바이오사이언스","KOSPI","의약품","63000","300","0.48","4840148250000"
"326030","SK바이오팜","KOSPI","서비스업","94600","-1400","-1.46","7408433450000"
"402340","SK스퀘어","KOSPI","기타금융","80000","3000","3.90","11118482880000"
"361610","SK아이이테크놀로지","KOSPI","전기전자","74700","-1100","-1.45","5325930122400"
"100090","SK오션플랜트","KOSPI","철강금속","13360","50","0.38","790852788480"
"03473K","SK우","KOSPI","기타금융","148000","400","0.27","83787980000"
"096770","SK이노베이션","KOSPI","화학","120000","0","0.00","11488270800000"
"096775","SK이노베이션우","KOSPI","화학","83500","300","0.36","104243571000"
"001510","SK증권","KOSPI","증권","625","2","0.32","295368856875"
"001515","SK증권우","KOSPI","증권","2335","-55","-2.30","9135720190"
"285130","SK케미칼","KOSPI","화학","65200","600","0.93","1124946651600"
"28513K","SK케미칼우","KOSPI","화학","28500","200","0.71","60289726500"
"017670","SK텔레콤","KOSPI","통신업","53200","0","0.00","11426830819600"
"000660","SK하이닉스","KOSPI","전기전자","169800","-200","-0.12","123614801577000"
"003570","SNT다이내믹스","KOSPI","운수장비","17200","660","3.99","571946388400"
"064960","SNT모티브","KOSPI","운수장비","45100","100","0.22","659503433600"
"100840","SNT에너지","KOSPI","기계","24650","800","3.35","185040426150"
"036530","SNT홀딩스","KOSPI","기타금융","21250","700","3.41","346457577500"
"005610","SPC삼립","KOSPI","음식료품","56500","-500","-0.88","487539008500"
"011810","STX","KOSPI","유통업","8840","-150","-1.67","274198474680"
"465770","STX그린로지스","KOSPI","운수창고업","8440","10","0.12","60523510080"
"077970","STX엔진","KOSPI","기계","13030","-390","-2.91","299806019120"
"071970","STX중공업","KOSPI","기계","11450","-150","-1.29","326928060050"
"002820","SUN&L","KOSPI","종이목재","2595","75","2.98","32717731455"
"084870","TBH글로벌","KOSPI","섬유의복","1687","49","2.99","35185453653"
"002710","TCC스틸","KOSPI","철강금속","63400","-2100","-3.21","1661948389800"
"069260","TKG휴켐스","KOSPI","화학","19970","10","0.05","816345402360"
"002900","TYM","KOSPI","기계","5820","70","1.22","262196563920"
"024070","WISCOM","KOSPI","화학","2500","-5","-0.20","38316095000"
"037270","YG PLUS","KOSPI","서비스업","4290","10","0.23","272112168900"
"000500","가온전선","KOSPI","전기전자","28700","-800","-2.71","211173050200"
"000860","강남제비스코","KOSPI","화학","24150","650","2.77","156975000000"
"035250","강원랜드","KOSPI","서비스업","16830","60","0.36","3600618615000"
"011420","갤럭시아에스엠","KOSPI","서비스업","2505","-50","-1.96","69011858220"
"002100","경농","KOSPI","화학","10140","90","0.90","197958910500"
"009450","경동나비엔","KOSPI","전기전자","52700","0","0.00","767764798400"
"267290","경동도시가스","KOSPI","전기가스업","19560","80","0.41","115314141360"
"012320","경동인베스트","KOSPI","기타금융","101300","20900","26.00","239576829900"
"000050","경방","KOSPI","유통업","8450","-70","-0.82","231659031500"
"214390","경보제약","KOSPI","의약품","7750","640","9.00","185278165000"
"012610","경인양행","KOSPI","화학","3560","10","0.28","148154259400"
"009140","경인전자","KOSPI","전기전자","22000","-150","-0.68","34557534000"
"013580","계룡건설","KOSPI","건설업","14020","130","0.94","125211316140"
"012200","계양전기","KOSPI","기계","1760","15","0.86","47912179040"
"012205","계양전기우","KOSPI","기계","4020","80","2.03","4699697580"
"002140","고려산업","KOSPI","음식료품","3170","20","0.63","79057977250"
"010130","고려아연","KOSPI","철강금속","440000","-1500","-0.34","9199778720000"
"002240","고려제강","KOSPI","철강금속","21400","-350","-1.61","535000000000"
"009290","광동제약","KOSPI","의약품","7760","-100","-1.27","406785803760"
"017040","광명전기","KOSPI","전기전자","2365","-35","-1.46","102493459475"
"017900","광전자","KOSPI","전기전자","2335","-30","-1.27","135298686605"
"037710","광주신세계","KOSPI","유통업","30600","-50","-0.16","243490014000"
"030610","교보증권","KOSPI","증권","5400","10","0.19","615399989400"
"339770","교촌에프앤비","KOSPI","유통업","8090","20","0.25","202108748600"
"007690","국도화학","KOSPI","화학","38000","-50","-0.13","342403408000"
"005320","국동","KOSPI","유통업","639","-13","-1.99","42653695383"
"001140","국보","KOSPI","운수창고업","2110","0","0.00","28889546080"
"002720","국제약품","KOSPI","의약품","7130","540","8.19","150869602160"
"083420","그린케미칼","KOSPI","화학","8230","-70","-0.84","197520000000"
"014530","극동유화","KOSPI","화학","3835","20","0.52","133724225700"
"014280","금강공업","KOSPI","철강금속","5900","-30","-0.51","173043206300"
"014285","금강공업우","KOSPI","철강금속","9160","70","0.77","5403255000"
"008870","금비","KOSPI","비금속광물","64100","700","1.10","64100000000"
"001570","금양","KOSPI","화학","120000","-3000","-2.44","6966004440000"
"002990","금호건설","KOSPI","건설업","4550","35","0.78","168138857250"
"002995","금호건설우","KOSPI","건설업","12150","120","1.00","3551031900"
"011780","금호석유","KOSPI","화학","140300","-700","-0.50","4005239363700"
"011785","금호석유우","KOSPI","화학","68700","-700","-1.01","207713488200"
"214330","금호에이치티","KOSPI","운수장비","645","4","0.62","134997691815"
"001210","금호전기","KOSPI","전기전자","738","4","0.54","27906940854"
"073240","금호타이어","KOSPI","화학","5890","40","0.68","1691963090430"
"092440","기신정기","KOSPI","기계","3175","-5","-0.16","92710000000"
"000270","기아","KOSPI","운수장비","112900","-2800","-2.42","45390790518700"
"024110","기업은행","KOSPI","은행","15280","120","0.79","12184667278320"
"013700","까뮤이앤씨","KOSPI","건설업","1552","3","0.19","70076338560"
"004540","깨끗한나라","KOSPI","종이목재","2440","-40","-1.61","90867290920"
"004545","깨끗한나라우","KOSPI","종이목재","14680","-140","-0.94","5375228800"
"001260","남광토건","KOSPI","건설업","6590","80","1.23","64796649480"
"008350","남선알미늄","KOSPI","철강금속","1940","-9","-0.46","250413434600"
"008355","남선알미우","KOSPI","철강금속","20150","-450","-2.18","6203983500"
"004270","남성","KOSPI","유통업","1951","2","0.10","70649924160"
"003920","남양유업","KOSPI","음식료품","597000","13000","2.23","429840000000"
"003925","남양유업우","KOSPI","음식료품","445000","4500","1.02","89000000000"
"025860","남해화학","KOSPI","화학","7350","50","0.68","365139496050"
"005720","넥센","KOSPI","화학","4140","-10","-0.24","221672064780"
"005725","넥센우","KOSPI","화학","3010","5","0.17","10837806000"
"002350","넥센타이어","KOSPI","화학","8390","80","0.96","819433488030"
"002355","넥센타이어1우B","KOSPI","화학","3270","45","1.40","21255000000"
"092790","넥스틸","KOSPI","철강금속","7400","30","0.41","192414800000"
"251270","넷마블","KOSPI","서비스업","58700","-300","-0.51","5045470567400"
"090350","노루페인트","KOSPI","화학","10390","-260","-2.44","207800000000"
"090355","노루페인트우","KOSPI","화학","14930","-30","-0.20","6914471180"
"000320","노루홀딩스","KOSPI","기타금융","11770","-140","-1.18","156436847270"
"000325","노루홀딩스우","KOSPI","기타금융","32650","550","1.71","7952201350"
"006280","녹십자","KOSPI","의약품","124400","200","0.16","1453805327200"
"005250","녹십자홀딩스","KOSPI","서비스업","17700","230","1.32","832399317000"
"005257","녹십자홀딩스2우","KOSPI","서비스업","29750","1450","5.12","25168202500"
"004370","농심","KOSPI","음식료품","363000","3000","0.83","2207999046000"
"072710","농심홀딩스","KOSPI","기타금융","69000","900","1.32","320007510000"
"058730","다스코","KOSPI","기계","3780","-20","-0.53","73320436980"
"030210","다올투자증권","KOSPI","증권","3540","-50","-1.39","215625315240"
"023590","다우기술","KOSPI","서비스업","21750","-350","-1.58","975848919750"
"145210","다이나믹디자인","KOSPI","기계","5940","580","10.82","102768492420"
"019680","대교","KOSPI","서비스업","2710","-80","-2.87","229544723500"
"019685","대교우B","KOSPI","서비스업","1816","-101","-5.27","35279413840"
"006370","대구백화점","KOSPI","유통업","8300","40","0.48","89819371300"
"008060","대덕","KOSPI","기타금융","6720","30","0.45","227741808000"
"00806K","대덕1우","KOSPI","기타금융","7360","0","0.00","8922947520"
"353200","대덕전자","KOSPI","전기전자","24300","50","0.21","1200831277500"
"35320K","대덕전자1우","KOSPI","전기전자","9760","-20","-0.20","20452265440"
"000490","대동","KOSPI","기계","14070","730","5.47","360765887160"
"008110","대동전자","KOSPI","전기전자","6440","-60","-0.92","67558478680"
"005750","대림B&Co","KOSPI","비금속광물","3790","40","1.07","63187789600"
"006570","대림통상","KOSPI","기계","3005","-25","-0.83","45751125000"
"001680","대상","KOSPI","음식료품","19710","250","1.28","682912572750"
"001685","대상우","KOSPI","음식료품","18140","-270","-1.47","24855845220"
"084690","대상홀딩스","KOSPI","기타금융","10180","-40","-0.39","368643636840"
"084695","대상홀딩스우","KOSPI","기타금융","22800","-1300","-5.39","20827389600"
"128820","대성산업","KOSPI","유통업","3735","10","0.27","168954510330"
"117580","대성에너지","KOSPI","전기가스업","8280","-20","-0.24","227700000000"
"016710","대성홀딩스","KOSPI","서비스업","9460","60","0.64","152206282140"
"003540","대신증권","KOSPI","증권","17750","0","0.00","901227850000"
"003547","대신증권2우B","KOSPI","증권","15770","140","0.90","157700000000"
"003545","대신증권우","KOSPI","증권","16290","190","1.18","423540000000"
"009190","대양금속","KOSPI","철강금속","2445","-55","-2.20","94442892750"
"014160","대영포장","KOSPI","종이목재","1902","0","0.00","206166432198"
"047040","대우건설","KOSPI","건설업","3815","-25","-0.65","1585600363970"
"009320","대우부품","KOSPI","운수장비","1271","19","1.52","62660007670"
"003090","대웅","KOSPI","의약품","21200","700","3.41","1232609976000"
"069620","대웅제약","KOSPI","의약품","119300","-1500","-1.24","1382278397500"
"000430","대원강업","KOSPI","운수장비","5340","-70","-1.29","331080000000"
"006340","대원전선","KOSPI","전기전자","1442","-12","-0.83","103772858028"
"006345","대원전선우","KOSPI","전기전자","2595","-80","-2.99","6802014000"
"003220","대원제약","KOSPI","의약품","15310","90","0.59","339731870140"
"024890","대원화성","KOSPI","화학","1851","6","0.33","76352180352"
"002880","대유에이텍","KOSPI","운수장비","1252","-38","-2.95","58523513040"
"000300","대유플러스","KOSPI","전기전자","241","0","0.00","30475633069"
"012800","대창","KOSPI","철강금속","1429","-18","-1.24","130239773071"
"015230","대창단조","KOSPI","운수장비","5540","20","0.36","158290154200"
"001070","대한방직","KOSPI","섬유의복","7280","-60","-0.82","38584000000"
"006650","대한유화","KOSPI","화학","134400","4600","3.54","873600000000"
"001440","대한전선","KOSPI","전기전자","10340","70","0.68","1286785082000"
"084010","대한제강","KOSPI","철강금속","13510","-90","-0.66","316328503470"
"001790","대한제당","KOSPI","음식료품","3195","40","1.27","286580573100"
"001795","대한제당우","KOSPI","음식료품","2805","-25","-0.88","18184141800"
"001130","대한제분","KOSPI","음식료품","132400","1300","0.99","223756000000"
"003490","대한항공","KOSPI","운수창고업","21800","50","0.23","8027210409800"
"003495","대한항공우","KOSPI","운수창고업","24550","-50","-0.20","27269992700"
"005880","대한해운","KOSPI","운수창고업","1901","0","0.00","606756351460"
"003830","대한화섬","KOSPI","화학","115800","800","0.70","153782400000"
"016090","대현","KOSPI","섬유의복","1966","1","0.05","87059021460"
"069460","대호에이엘","KOSPI","철강금속","1073","16","1.51","72475673408"
"192080","더블유게임즈","KOSPI","서비스업","42250","-150","-0.35","908202028500"
"012510","더존비즈온","KOSPI","서비스업","43450","-700","-1.59","1320131964800"
"004830","덕성","KOSPI","화학","10250","-240","-2.29","160720000000"
"004835","덕성우","KOSPI","화학","13410","-750","-5.30","18666720000"
"024900","덕양산업","KOSPI","운수장비","4680","-100","-2.09","152404106400"
"145720","덴티움","KOSPI","의료정밀","132000","1200","0.92","1461085560000"
"002150","도화엔지니어링","KOSPI","서비스업","7700","0","0.00","259644000000"
"460850","동국씨엠","KOSPI","철강금속","6560","-40","-0.61","196135183360"
"460860","동국제강","KOSPI","철강금속","11580","120","1.05","574460836860"
"001230","동국홀딩스","KOSPI","철강금속","8250","30","0.36","262353984750"
"023450","동남합성","KOSPI","화학","31550","1100","3.61","110425000000"
"004140","동방","KOSPI","운수창고업","2065","-15","-0.72","99061696790"
"007590","동방아그로","KOSPI","화학","6340","-30","-0.47","86335438180"
"005960","동부건설","KOSPI","건설업","5070","-20","-0.39","116328326010"
"005965","동부건설우","KOSPI","건설업","22750","0","0.00","5135403000"
"026960","동서","KOSPI","유통업","17530","-10","-0.06","1747741000000"
"002210","동성제약","KOSPI","의약품","5150","-10","-0.19","134419995500"
"102260","동성케미컬","KOSPI","서비스업","4580","20","0.44","227578954240"
"000640","동아쏘시오홀딩스","KOSPI","기타금융","114200","1500","1.33","725045864600"
"170900","동아에스티","KOSPI","의약품","74000","600","0.82","637512368000"
"028100","동아지질","KOSPI","건설업","13110","140","1.08","184230189060"
"282690","동아타이어","KOSPI","화학","12100","-10","-0.08","166169481500"
"001520","동양","KOSPI","비금속광물","977","3","0.31","233194329551"
"001527","동양2우B","KOSPI","비금속광물","11640","280","2.46","3591743160"
"084670","동양고속","KOSPI","운수창고업","11840","-50","-0.42","34283536960"
"082640","동양생명","KOSPI","보험","6340","20","0.32","1023013428900"
"001525","동양우","KOSPI","비금속광물","5840","-10","-0.17","3607549040"
"008970","동양철관","KOSPI","철강금속","696","7","1.02","82744161840"
"092780","동양피스톤","KOSPI","운수장비","4545","-5","-0.11","59850650700"
"049770","동원F&B","KOSPI","음식료품","32800","300","0.92","632896336000"
"018500","동원금속","KOSPI","운수장비","1804","-36","-1.96","84345899132"
"006040","동원산업","KOSPI","기타금융","38900","-300","-0.77","1808175668500"
"030720","동원수산","KOSPI","농업, 임업 및 어업","6750","-30","-0.44","31413183750"
"014820","동원시스템즈","KOSPI","화학","47600","-3100","-6.11","1379985023200"
"014825","동원시스템즈우","KOSPI","화학","25200","-400","-1.56","6655597200"
"111380","동인기연","KOSPI","기타제조업","23350","-250","-1.06","143088800000"
"163560","동일고무벨트","KOSPI","화학","8300","-480","-5.47","115370000000"
"004890","동일산업","KOSPI","철강금속","44100","50","0.11","106951981500"
"002690","동일제강","KOSPI","철강금속","1875","-17","-0.90","38063175000"
"000020","동화약품","KOSPI","의약품","9540","0","0.00","266466223800"
"000150","두산","KOSPI","기타금융","147000","-3600","-2.39","2429003745000"
"000157","두산2우B","KOSPI","기타금융","77900","-200","-0.26","69567660200"
"454910","두산로보틱스","KOSPI","기계","92100","300","0.33","5969920158000"
"241560","두산밥캣","KOSPI","기계","52400","-800","-1.50","5253056298400"
"034020","두산에너빌리티","KOSPI","기계","17890","-180","-1.00","11459638901940"
"000155","두산우","KOSPI","기타금융","69400","-700","-1.00","277354462800"
"336260","두산퓨얼셀","KOSPI","전기전자","20050","60","0.30","1313149206300"
"33626K","두산퓨얼셀1우","KOSPI","전기전자","6160","0","0.00","82323472000"
"33626L","두산퓨얼셀2우B","KOSPI","전기전자","7970","-370","-4.44","23800811000"
"016740","두올","KOSPI","운수장비","4150","140","3.49","137226722000"
"192650","드림텍","KOSPI","전기전자","10770","-160","-1.46","741051928500"
"024090","디씨엠","KOSPI","철강금속","11290","70","0.62","128706000000"
"003160","디아이","KOSPI","의료정밀","9600","-210","-2.14","271680000000"
"092200","디아이씨","KOSPI","운수장비","4985","-45","-0.89","193859516465"
"377190","디앤디플랫폼리츠","KOSPI","서비스업","3600","40","1.12","231840000000"
"013570","디와이","KOSPI","기타금융","5940","100","1.71","156338620020"
"210540","디와이파워","KOSPI","기계","13100","120","0.92","144646374800"
"115390","락앤락","KOSPI","화학","6230","20","0.32","269923540530"
"032350","롯데관광개발","KOSPI","서비스업","9190","170","1.88","700011517570"
"089860","롯데렌탈","KOSPI","서비스업","27950","350","1.27","1023922060850"
"330590","롯데리츠","KOSPI","서비스업","3300","5","0.15","801797317200"
"000400","롯데손해보험","KOSPI","보험","2865","60","2.14","889113556800"
"023530","롯데쇼핑","KOSPI","유통업","74200","200","0.27","2099025621000"
"020150","롯데에너지머티리얼즈","KOSPI","전기전자","47800","750","1.59","2204097913000"
"280360","롯데웰푸드","KOSPI","음식료품","121000","3300","2.80","1141583454000"
"004000","롯데정밀화학","KOSPI","화학","47750","-450","-0.93","1231950000000"
"286940","롯데정보통신","KOSPI","서비스업","37650","-1000","-2.59","579671862150"
"004990","롯데지주","KOSPI","기타금융","28950","-150","-0.52","3037122411150"
"00499K","롯데지주우","KOSPI","기타금융","36100","50","0.14","29082268300"
"005300","롯데칠성","KOSPI","음식료품","128100","100","0.08","1188625040400"
"005305","롯데칠성우","KOSPI","음식료품","68700","200","0.29","53263797000"
"011170","롯데케미칼","KOSPI","화학","121000","2200","1.85","5175825699000"
"071840","롯데하이마트","KOSPI","유통업","9570","-100","-1.03","225925803840"
"027740","마니커","KOSPI","음식료품","1171","6","0.52","74371647988"
"357430","마스턴프리미어리츠","KOSPI","서비스업","3100","5","0.16","82398000000"
"001080","만호제강","KOSPI","철강금속","47150","0","0.00","195672500000"
"088980","맥쿼리인프라","KOSPI","기타금융","12770","20","0.16","5564927903350"
"094800","맵스리얼티1","KOSPI","기타금융","4255","35","0.83","395010078405"
"138040","메리츠금융지주","KOSPI","기타금융","84200","2400","2.93","17123931998800"
"090370","메타랩스","KOSPI","섬유의복","2040","-5","-0.24","50805565560"
"017180","명문제약","KOSPI","의약품","2250","30","1.35","76395271500"
"009900","명신산업","KOSPI","운수장비","15450","-110","-0.71","810663554850"
"012690","모나리자","KOSPI","종이목재","3075","0","0.00","112456609125"
"005360","모나미","KOSPI","유통업","2960","10","0.34","55936028720"
"009680","모토닉","KOSPI","운수장비","8160","40","0.49","269280000000"
"009580","무림P&P","KOSPI","종이목재","3045","0","0.00","189911546580"
"009200","무림페이퍼","KOSPI","종이목재","2165","-10","-0.46","90084156150"
"033920","무학","KOSPI","음식료품","5150","20","0.39","146775000000"
"008420","문배철강","KOSPI","철강금속","2985","-25","-0.83","61202962425"
"025560","미래산업","KOSPI","의료정밀","1947","-18","-0.92","59246762190"
"007120","미래아이앤지","KOSPI","서비스업","1228","-42","-3.31","34241041152"
"396690","미래에셋글로벌리츠","KOSPI","서비스업","3370","5","0.15","133472017800"
"357250","미래에셋맵스리츠","KOSPI","서비스업","3300","60","1.85","82483846500"
"085620","미래에셋생명","KOSPI","보험","4555","5","0.11","806308740895"
"006800","미래에셋증권","KOSPI","증권","8460","60","0.71","5036376811680"
"00680K","미래에셋증권2우B","KOSPI","증권","3900","20","0.52","546000000000"
"006805","미래에셋증권우","KOSPI","증권","4380","25","0.57","61651785000"
"002840","미원상사","KOSPI","화학","183300","2500","1.38","870675000000"
"268280","미원에스씨","KOSPI","화학","136600","400","0.29","683000000000"
"107590","미원홀딩스","KOSPI","기타금융","78200","700","0.90","181424000000"
"134380","미원화학","KOSPI","화학","70400","-100","-0.14","154828467200"
"003650","미창석유","KOSPI","화학","80300","1500","1.90","139695661600"
"377740","바이오노트","KOSPI","의약품","4630","30","0.65","472519502240"
"003610","방림","KOSPI","섬유의복","2195","125","6.04","92879427550"
"001340","백광산업","KOSPI","화학","7790","0","0.00","349914390530"
"035150","백산","KOSPI","화학","11390","40","0.35","256445850000"
"002410","범양건영","KOSPI","건설업","1655","-25","-1.49","41096930210"
"007210","벽산","KOSPI","비금속광물","2280","-15","-0.65","156316800000"
"002760","보락","KOSPI","화학","1236","-15","-1.20","74036400000"
"003850","보령","KOSPI","의약품","13210","-100","-0.75","907394900000"
"000890","보해양조","KOSPI","음식료품","510","6","1.19","70951265790"
"003000","부광약품","KOSPI","의약품","6700","180","2.76","476122428300"
"001270","부국증권","KOSPI","증권","26350","250","0.96","273246496100"
"001275","부국증권우","KOSPI","증권","21950","-50","-0.23","65850000000"
"026940","부국철강","KOSPI","철강금속","3265","25","0.77","65300000000"
"011390","부산산업","KOSPI","비금속광물","57800","-600","-1.03","61036800000"
"005030","부산주공","KOSPI","운수장비","486","0","0.00","38288532168"
"002070","비비안","KOSPI","섬유의복","1163","-2","-0.17","34650410370"
"100220","비상교육","KOSPI","서비스업","5230","-50","-0.95","67972955430"
"090460","비에이치","KOSPI","전기전자","17400","-180","-1.02","599680194600"
"030790","비케이탑스","KOSPI","서비스업","904","0","0.00","19208323080"
"005180","빙그레","KOSPI","음식료품","53700","600","1.13","529011641700"
"003960","사조대림","KOSPI","음식료품","35850","-150","-0.42","328546141950"
"008040","사조동아원","KOSPI","음식료품","970","1","0.10","136910262000"
"007160","사조산업","KOSPI","농업, 임업 및 어업","38600","0","0.00","193000000000"
"014710","사조씨푸드","KOSPI","음식료품","3535","20","0.57","60867549505"
"006090","사조오양","KOSPI","음식료품","8630","-10","-0.12","81318237570"
"001470","삼부토건","KOSPI","건설업","2050","-155","-7.03","418731470700"
"448730","삼성FN리츠","KOSPI","서비스업","5170","-30","-0.58","399641000000"
"006400","삼성SDI","KOSPI","전기전자","472500","17000","3.73","32491240425000"
"006405","삼성SDI우","KOSPI","전기전자","264000","10000","3.94","427124544000"
"006660","삼성공조","KOSPI","운수장비","8390","60","0.72","68179774460"
"028260","삼성물산","KOSPI","유통업","160000","-5000","-3.03","29694667200000"
"02826K","삼성물산우B","KOSPI","유통업","118000","-1800","-1.50","192036150000"
"207940","삼성바이오로직스","KOSPI","의약품","840000","-17000","-1.98","59786160000000"
"032830","삼성생명","KOSPI","보험","97900","500","0.51","19580000000000"
"018260","삼성에스디에스","KOSPI","서비스업","158100","-100","-0.06","12233430180000"
"028050","삼성엔지니어링","KOSPI","서비스업","24650","-850","-3.33","4831400000000"
"009150","삼성전기","KOSPI","전기전자","144900","-4700","-3.14","10823116550400"
"009155","삼성전기우","KOSPI","전기전자","72600","-200","-0.27","211047038400"
"005930","삼성전자","KOSPI","전기전자","78900","-400","-0.50","471015843195000"
"005935","삼성전자우","KOSPI","전기전자","66700","900","1.37","54886542890000"
"001360","삼성제약","KOSPI","의약품","1872","46","2.52","176271411888"
"010140","삼성중공업","KOSPI","운수장비","9080","230","2.60","7990400000000"
"016360","삼성증권","KOSPI","증권","42000","450","1.08","3750600000000"
"068290","삼성출판사","KOSPI","서비스업","22150","150","0.68","221500000000"
"029780","삼성카드","KOSPI","기타금융","41450","900","2.22","4802351031950"
"000810","삼성화재","KOSPI","보험","335000","-8000","-2.33","15870570395000"
"000815","삼성화재우","KOSPI","보험","252500","2500","1.00","805980000000"
"006110","삼아알미늄","KOSPI","철강금속","92200","-1200","-1.28","1356438655200"
"145990","삼양사","KOSPI","음식료품","49050","2150","4.58","505874673450"
"145995","삼양사우","KOSPI","음식료품","27850","250","0.91","10306449500"
"003230","삼양식품","KOSPI","음식료품","193000","4200","2.22","1453871895000"
"002170","삼양통상","KOSPI","기타제조업","50900","200","0.39","152700000000"
"272550","삼양패키징","KOSPI","화학","17900","-30","-0.17","282617210900"
"000070","삼양홀딩스","KOSPI","기타금융","72000","1200","1.69","616627512000"
"000075","삼양홀딩스우","KOSPI","기타금융","55100","400","0.73","16753595800"
"003720","삼영","KOSPI","화학","3940","0","0.00","133960000000"
"002810","삼영무역","KOSPI","유통업","13820","40","0.29","255213221360"
"005680","삼영전자","KOSPI","전기전자","9480","150","1.61","189600000000"
"023000","삼원강재","KOSPI","운수장비","2895","15","0.52","115800000000"
"004380","삼익THK","KOSPI","기계","17340","90","0.52","364140000000"
"002450","삼익악기","KOSPI","기타제조업","1285","2","0.16","116332225775"
"004440","삼일씨엔에스","KOSPI","비금속광물","4425","70","1.61","56338865475"
"000520","삼일제약","KOSPI","의약품","10500","800","8.25","195787326000"
"009770","삼정펄프","KOSPI","종이목재","25200","0","0.00","62999269200"
"005500","삼진제약","KOSPI","의약품","20350","-100","-0.49","282865000000"
"004690","삼천리","KOSPI","전기가스업","98300","-100","-0.10","398608957500"
"010960","삼호개발","KOSPI","건설업","3305","5","0.15","82625000000"
"004450","삼화왕관","KOSPI","기계","31400","100","0.32","67647500600"
"009470","삼화전기","KOSPI","전기전자","25150","-50","-0.20","166337573000"
"011230","삼화전자","KOSPI","전기전자","4485","95","2.16","75808609500"
"001820","삼화콘덴서","KOSPI","전기전자","32400","-350","-1.07","336798000000"
"000390","삼화페인트","KOSPI","화학","9040","-570","-5.93","245919359760"
"001290","상상인증권","KOSPI","증권","750","3","0.40","81252840000"
"041650","상신브레이크","KOSPI","운수장비","3830","195","5.36","82235653500"
"075180","새론오토모티브","KOSPI","운수장비","4010","30","0.75","76992000000"
"007540","샘표","KOSPI","기타금융","49550","250","0.51","142495890000"
"248170","샘표식품","KOSPI","음식료품","28050","350","1.26","128140422300"
"007860","서연","KOSPI","기타금융","11410","-320","-2.73","267905020040"
"200880","서연이화","KOSPI","운수장비","19990","-160","-0.79","540298455630"
"017390","서울가스","KOSPI","전기가스업","58200","200","0.34","291000000000"
"004410","서울식품","KOSPI","음식료품","180","1","0.56","67456000620"
"004415","서울식품우","KOSPI","음식료품","1769","1","0.06","3935140500"
"021050","서원","KOSPI","철강금속","1302","-32","-2.40","61811916180"
"008490","서흥","KOSPI","화학","23400","700","3.08","270717244200"
"007610","선도전기","KOSPI","전기전자","3000","0","0.00","54000000000"
"136490","선진","KOSPI","음식료품","7440","60","0.81","176920253760"
"014910","성문전자","KOSPI","전기전자","1556","28","1.83","34949292660"
"014915","성문전자우","KOSPI","전기전자","6150","-40","-0.65","3690000000"
"003080","성보화학","KOSPI","화학","2920","0","0.00","58458400000"
"004980","성신양회","KOSPI","비금속광물","8530","0","0.00","209122102690"
"004985","성신양회우","KOSPI","비금속광물","12560","-40","-0.32","9239701200"
"011300","성안","KOSPI","섬유의복","1238","-14","-1.12","87343109830"
"000180","성창기업지주","KOSPI","서비스업","2000","0","0.00","139503200000"
"002420","세기상사","KOSPI","유통업","5960","0","0.00","33130734080"
"004360","세방","KOSPI","운수창고업","12060","-40","-0.33","232862801400"
"004365","세방우","KOSPI","운수창고업","7520","40","0.53","27743160000"
"004490","세방전지","KOSPI","전기전자","79600","700","0.89","1114400000000"
"001430","세아베스틸지주","KOSPI","철강금속","23250","-650","-2.72","833794266750"
"306200","세아제강","KOSPI","철강금속","140000","2000","1.45","397082000000"
"003030","세아제강지주","KOSPI","기타금융","235000","2500","1.08","973289395000"
"019440","세아특수강","KOSPI","철강금속","13800","10","0.07","118266000000"
"058650","세아홀딩스","KOSPI","철강금속","111000","-1200","-1.07","444000000000"
"013000","세우글로벌","KOSPI","유통업","1629","15","0.93","46760495499"
"091090","세원이앤씨","KOSPI","기계","1270","0","0.00","54838923850"
"021820","세원정공","KOSPI","운수장비","8330","50","0.60","83300000000"
"067830","세이브존I&C","KOSPI","유통업","2675","0","0.00","109784394125"
"033530","세종공업","KOSPI","운수장비","5990","-60","-0.99","166647556390"
"075580","세진중공업","KOSPI","운수장비","6410","-90","-1.38","364405012960"
"068270","셀트리온","KOSPI","의약품","188200","2400","1.29","41036965208400"
"336370","솔루스첨단소재","KOSPI","전기전자","13620","330","2.48","956360225280"
"33637K","솔루스첨단소재1우","KOSPI","전기전자","2880","20","0.70","48697246080"
"33637L","솔루스첨단소재2우B","KOSPI","전기전자","4770","100","2.14","18022471920"
"248070","솔루엠","KOSPI","전기전자","25750","400","1.58","1287642938250"
"004430","송원산업","KOSPI","화학","14300","-160","-1.11","343200000000"
"126720","수산인더스트리","KOSPI","건설업","23700","300","1.28","338578200000"
"017550","수산중공업","KOSPI","기계","2135","35","1.67","133222142550"
"053210","스카이라이프","KOSPI","서비스업","5520","-20","-0.36","262326711600"
"204210","스타리츠","KOSPI","서비스업","10870","80","0.74","85077479050"
"026890","스틱인베스트먼트","KOSPI","기타금융","7360","10","0.14","306751368000"
"134790","시디즈","KOSPI","기타제조업","27400","650","2.43","54800000000"
"016590","신대양제지","KOSPI","종이목재","6470","40","0.62","260726895400"
"029530","신도리코","KOSPI","전기전자","42700","1900","4.66","430417238300"
"004970","신라교역","KOSPI","농업, 임업 및 어업","8840","160","1.84","141440000000"
"011930","신성이엔지","KOSPI","전기전자","2370","20","0.85","487860117870"
"005390","신성통상","KOSPI","유통업","1907","15","0.79","274051899730"
"004170","신세계","KOSPI","유통업","166600","1200","0.73","1640207154600"
"035510","신세계 I&C","KOSPI","서비스업","12100","-80","-0.66","208120000000"
"034300","신세계건설","KOSPI","건설업","10900","10","0.09","84590038600"
"031430","신세계인터내셔날","KOSPI","유통업","17300","630","3.78","617610000000"
"031440","신세계푸드","KOSPI","서비스업","37600","-50","-0.13","145605248000"
"006880","신송홀딩스","KOSPI","유통업","10940","570","5.50","129407706520"
"005800","신영와코루","KOSPI","섬유의복","9470","10","0.11","85230000000"
"001720","신영증권","KOSPI","증권","67200","-200","-0.30","633972192000"
"001725","신영증권우","KOSPI","증권","67300","400","0.60","471496397000"
"009270","신원","KOSPI","섬유의복","1317","21","1.62","135106230852"
"002700","신일전자","KOSPI","유통업","1844","4","0.22","131011628724"
"002870","신풍","KOSPI","유통업","811","-2","-0.25","28351505700"
"019170","신풍제약","KOSPI","의약품","16260","3590","28.33","861535937400"
"019175","신풍제약우","KOSPI","의약품","24650","5660","29.81","54230000000"
"404990","신한서부티엔디리츠","KOSPI","서비스업","4155","95","2.34","232496698020"
"293940","신한알파리츠","KOSPI","서비스업","7000","20","0.29","616700861000"
"055550","신한지주","KOSPI","기타금융","50600","-300","-0.59","25945629232600"
"004080","신흥","KOSPI","유통업","14400","-30","-0.21","136800000000"
"102280","쌍방울","KOSPI","섬유의복","269","0","0.00","70637282701"
"003410","쌍용C&E","KOSPI","비금속광물","7000","-10","-0.14","3490878776000"
"004770","써니전자","KOSPI","전기전자","2150","5","0.23","78911200600"
"403550","쏘카","KOSPI","서비스업","21250","50","0.24","696817292500"
"004920","씨아이테크","KOSPI","기타제조업","1210","12","1.00","60579609530"
"112610","씨에스윈드","KOSPI","기계","51400","-600","-1.15","2167610114200"
"308170","씨티알모빌리티","KOSPI","운수장비","9900","50","0.51","85239000000"
"008700","아남전자","KOSPI","전기전자","2035","5","0.25","156949008700"
"002790","아모레G","KOSPI","화학","27050","350","1.31","2230493769000"
"00279K","아모레G3우(전환)","KOSPI","화학","18790","90","0.48","133262438000"
"002795","아모레G우","KOSPI","화학","9690","-10","-0.10","62440131300"
"090430","아모레퍼시픽","KOSPI","화학","116100","1800","1.57","6791009319900"
"090435","아모레퍼시픽우","KOSPI","화학","34850","850","2.50","367940375500"
"002030","아세아","KOSPI","서비스업","240000","-1000","-0.41","512640960000"
"183190","아세아시멘트","KOSPI","비금속광물","10510","-50","-0.47","409449525900"
"002310","아세아제지","KOSPI","종이목재","46100","200","0.44","412894742200"
"012170","아센디오","KOSPI","서비스업","1237","-57","-4.40","128115456656"
"267850","아시아나IDT","KOSPI","서비스업","17190","-110","-0.64","190809000000"
"020560","아시아나항공","KOSPI","운수창고업","11180","40","0.36","831923521520"
"122900","아이마켓코리아","KOSPI","유통업","8690","10","0.12","290496619600"
"010780","아이에스동서","KOSPI","비금속광물","30450","1350","4.64","919193419200"
"139990","아주스틸","KOSPI","철강금속","6690","40","0.60","176965144410"
"001780","알루코","KOSPI","철강금속","3690","-30","-0.81","355768885080"
"018250","애경산업","KOSPI","화학","16310","50","0.31","430746039850"
"161000","애경케미칼","KOSPI","화학","14300","-350","-2.39","695676538700"
"011090","에넥스","KOSPI","기타제조업","490","-1","-0.20","29395904090"
"137310","에스디바이오센서","KOSPI","의료정밀","12680","1010","8.65","1578372836040"
"118000","에스메디","KOSPI","유통업","567","-4","-0.70","80954764821"
"005850","에스엘","KOSPI","운수장비","32600","-650","-1.95","1514221752000"
"010580","에스엠벡셀","KOSPI","운수장비","1696","36","2.17","188682984960"
"012750","에스원","KOSPI","서비스업","60100","-1000","-1.64","2283750597800"
"023960","에쓰씨엔지니어링","KOSPI","건설업","1604","89","5.87","52709631064"
"298690","에어부산","KOSPI","운수창고업","2780","5","0.18","324259200000"
"140910","에이리츠","KOSPI","서비스업","3130","0","0.00","13969290160"
"078520","에이블씨엔씨","KOSPI","화학","6460","-30","-0.46","168051480060"
"015260","에이엔피","KOSPI","전기전자","1250","175","16.28","56396117500"
"007460","에이프로젠","KOSPI","기계","1749","98","5.94","463200364242"
"003060","에이프로젠바이오로직스","KOSPI","의약품","202","-8","-3.81","134482447178"
"244920","에이플러스에셋","KOSPI","기타금융","3900","-40","-1.02","88170002700"
"278470","에이피알","KOSPI","화학","258500","-500","-0.19","1960561713000"
"450080","에코프로머티","KOSPI","전기전자","149800","-900","-0.60","10333985656400"
"036570","엔씨소프트","KOSPI","서비스업","191400","-300","-0.16","4201999810800"
"085310","엔케이","KOSPI","기계","906","6","0.67","72464916912"
"900140","엘브이엠씨홀딩스","KOSPI","유통업","3010","50","1.69","516481117110"
"066970","엘앤에프","KOSPI","전기전자","186100","9600","5.44","6747240297300"
"097520","엠씨넥스","KOSPI","전기전자","24800","-250","-1.00","445847753600"
"014440","영보화학","KOSPI","화학","3455","-5","-0.14","69100000000"
"111770","영원무역","KOSPI","유통업","41700","-2300","-5.23","1847788215600"
"009970","영원무역홀딩스","KOSPI","기타금융","91100","-2600","-2.77","1242202431200"
"003520","영진약품","KOSPI","의약품","2195","95","4.52","401449544545"
"000670","영풍","KOSPI","철강금속","483000","1500","0.31","889705320000"
"006740","영풍제지","KOSPI","종이목재","2185","-25","-1.13","101563493380"
"012280","영화금속","KOSPI","운수장비","911","1","0.11","47066364055"
"012160","영흥","KOSPI","철강금속","522","1","0.19","52884014184"
"015360","예스코홀딩스","KOSPI","서비스업","39800","400","1.02","238800000000"
"007310","오뚜기","KOSPI","음식료품","392500","1500","0.38","1573073275000"
"002630","오리엔트바이오","KOSPI","의약품","588","22","3.89","69726806940"
"271560","오리온","KOSPI","음식료품","90800","-400","-0.44","3589880785600"
"001800","오리온홀딩스","KOSPI","기타금융","14360","-90","-0.62","899588259920"
"011690","와이투솔루션","KOSPI","전기전자","3730","10","0.27","136422489620"
"070960","용평리조트","KOSPI","서비스업","2905","0","0.00","139827332365"
"316140","우리금융지주","KOSPI","기타금융","15200","-90","-0.59","11429631807200"
"006980","우성","KOSPI","음식료품","19630","-70","-0.36","60656700000"
"017370","우신시스템","KOSPI","기계","8430","110","1.32","154387475220"
"105840","우진","KOSPI","의료정밀","8870","-40","-0.45","180270456180"
"010400","우진아이엔에스","KOSPI","건설업","4935","-30","-0.60","37614570000"
"049800","우진플라임","KOSPI","기계","2895","50","1.76","57900000000"
"016880","웅진","KOSPI","서비스업","1225","20","1.66","97910673000"
"095720","웅진씽크빅","KOSPI","서비스업","2365","0","0.00","273171654525"
"005820","원림","KOSPI","섬유의복","18390","30","0.16","42259668300"
"010600","웰바이오텍","KOSPI","유통업","701","-183","-20.70","63737308307"
"008600","윌비스","KOSPI","유통업","527","-3","-0.57","35433392553"
"033270","유나이티드제약","KOSPI","의약품","23600","-50","-0.21","383377799200"
"014830","유니드","KOSPI","화학","70900","100","0.14","479822840000"
"446070","유니드비티플러스","KOSPI","종이목재","4995","5","0.10","53003018925"
"000910","유니온","KOSPI","비금속광물","5210","0","0.00","81336534990"
"047400","유니온머티리얼","KOSPI","비금속광물","2805","35","1.26","117810000000"
"011330","유니켐","KOSPI","기타제조업","1961","-8","-0.41","189686312219"
"077500","유니퀘스트","KOSPI","유통업","8000","-110","-1.36","174352120000"
"002920","유성기업","KOSPI","운수장비","2785","0","0.00","72263787500"
"000700","유수홀딩스","KOSPI","서비스업","5670","10","0.18","147657074040"
"003470","유안타증권","KOSPI","증권","2775","5","0.18","553880498400"
"003475","유안타증권우","KOSPI","증권","2835","-10","-0.35","36606121020"
"072130","유엔젤","KOSPI","서비스업","3625","-5","-0.14","47833520750"
"000220","유유제약","KOSPI","의약품","5220","110","2.15","88908872220"
"000225","유유제약1우","KOSPI","의약품","5620","50","0.90","12740146600"
"000227","유유제약2우B","KOSPI","의약품","11970","-70","-0.58","3896953200"
"001200","유진투자증권","KOSPI","증권","4130","60","1.47","400058306340"
"000100","유한양행","KOSPI","의약품","76300","0","0.00","6119951583200"
"000105","유한양행우","KOSPI","의약품","64900","200","0.31","76643006000"
"003460","유화증권","KOSPI","증권","2290","0","0.00","129848530350"
"003465","유화증권우","KOSPI","증권","2300","0","0.00","40195777500"
"008730","율촌화학","KOSPI","화학","42750","800","1.91","1060200000000"
"008250","이건산업","KOSPI","종이목재","5780","-40","-0.69","63306230300"
"025820","이구산업","KOSPI","철강금속","4450","-210","-4.51","148816900000"
"214320","이노션","KOSPI","서비스업","22200","350","1.60","888000000000"
"088260","이리츠코크렙","KOSPI","서비스업","4925","-10","-0.20","311957330750"
"139480","이마트","KOSPI","유통업","69400","0","0.00","1934581838600"
"457190","이수스페셜티케미컬","KOSPI","화학","386500","17000","4.60","2164335068000"
"007660","이수페타시스","KOSPI","전기전자","37650","50","0.13","2381227675350"
"005950","이수화학","KOSPI","화학","13880","-190","-1.35","315391617320"
"015020","이스타코","KOSPI","서비스업","720","3","0.42","30853152000"
"093230","이아이디","KOSPI","유통업","1392","0","0.00","354103029120"
"074610","이엔플러스","KOSPI","기계","3160","245","8.40","220873101160"
"102460","이연제약","KOSPI","의약품","16120","70","0.44","299619393320"
"084680","이월드","KOSPI","기타제조업","2000","-15","-0.74","283612386000"
"350520","이지스레지던스리츠","KOSPI","서비스업","3910","45","1.16","110882192470"
"334890","이지스밸류리츠","KOSPI","서비스업","4655","25","0.54","239469348195"
"000760","이화산업","KOSPI","유통업","15960","-30","-0.19","44688000000"
"014990","인디에프","KOSPI","섬유의복","724","-1","-0.14","54381808380"
"101140","인바이오젠","KOSPI","유통업","9340","0","0.00","93812977440"
"006490","인스코비","KOSPI","통신업","1237","59","5.01","143739585550"
"023800","인지컨트롤스","KOSPI","운수장비","7930","-160","-1.98","125366932210"
"034590","인천도시가스","KOSPI","전기가스업","25450","50","0.20","111337489300"
"129260","인터지스","KOSPI","운수창고업","2310","0","0.00","68717588940"
"023810","인팩","KOSPI","운수장비","10290","-20","-0.19","102900000000"
"249420","일동제약","KOSPI","의약품","16870","850","5.31","473414391870"
"000230","일동홀딩스","KOSPI","의약품","9520","270","2.92","109864608000"
"013360","일성건설","KOSPI","건설업","1320","12","0.92","71312841600"
"003120","일성신약","KOSPI","의약품","22850","200","0.88","303905000000"
"003200","일신방직","KOSPI","섬유의복","9250","110","1.20","215340000000"
"007110","일신석재","KOSPI","유통업","1071","11","1.04","82956029310"
"007570","일양약품","KOSPI","의약품","14590","300","2.10","278459837760"
"007575","일양약품우","KOSPI","의약품","15000","90","0.60","6676200000"
"008500","일정실업","KOSPI","섬유의복","13010","-1990","-13.27","15612000000"
"081000","일진다이아","KOSPI","화학","14190","190","1.36","201540215250"
"020760","일진디스플","KOSPI","전기전자","980","28","2.94","50483466180"
"103590","일진전기","KOSPI","전기전자","19100","500","2.69","910790949000"
"271940","일진하이솔루스","KOSPI","운수장비","24300","50","0.21","882410517000"
"015860","일진홀딩스","KOSPI","기타금융","4425","-75","-1.67","218362612275"
"226320","잇츠한불","KOSPI","화학","11890","190","1.62","260739555350"
"317400","자이에스앤디","KOSPI","서비스업","4300","75","1.78","166764836000"
"033240","자화전자","KOSPI","전기전자","25000","-800","-3.10","553896750000"
"000950","전방","KOSPI","섬유의복","22500","-650","-2.81","37800000000"
"348950","제이알글로벌리츠","KOSPI","서비스업","4140","45","1.10","817136640000"
"194370","제이에스코퍼레이션","KOSPI","기타제조업","17080","-80","-0.47","227772065080"
"025620","제이준코스메틱","KOSPI","화학","6610","-50","-0.75","29644832060"
"030000","제일기획","KOSPI","서비스업","18410","-80","-0.43","2117908952250"
"271980","제일약품","KOSPI","의약품","16900","-70","-0.41","248512336800"
"001560","제일연마","KOSPI","비금속광물","8610","-90","-1.03","86100000000"
"002620","제일파마홀딩스","KOSPI","서비스업","10990","-140","-1.26","175547171450"
"006220","제주은행","KOSPI","은행","12500","-170","-1.34","401609675000"
"089590","제주항공","KOSPI","운수창고업","10840","140","1.31","874148277400"
"004910","조광페인트","KOSPI","화학","5860","-90","-1.51","75008000000"
"004700","조광피혁","KOSPI","기타제조업","52300","-1000","-1.88","347749917400"
"001550","조비","KOSPI","화학","13120","90","0.69","68122175680"
"462520","조선내화","KOSPI","비금속광물","18120","-160","-0.88","214815644160"
"120030","조선선재","KOSPI","기계","98500","600","0.61","123878623500"
"018470","조일알미늄","KOSPI","철강금속","2020","-5","-0.25","255796076420"
"002600","조흥","KOSPI","음식료품","172500","1200","0.70","103500000000"
"185750","종근당","KOSPI","의약품","109300","300","0.28","1439964106000"
"063160","종근당바이오","KOSPI","의약품","25100","500","2.03","137697646200"
"001630","종근당홀딩스","KOSPI","의약품","62500","600","0.97","313116312500"
"109070","주성코퍼레이션","KOSPI","전기전자","4100","0","0.00","216521943000"
"044380","주연테크","KOSPI","전기전자","500","-2","-0.40","29599622000"
"013890","지누스","KOSPI","기타제조업","13370","170","1.29","277229677480"
"013870","지엠비코리아","KOSPI","운수장비","4330","0","0.00","82582972400"
"071320","지역난방공사","KOSPI","전기가스업","38150","-350","-0.91","441729083600"
"088790","진도","KOSPI","유통업","2140","55","2.64","26638172160"
"003780","진양산업","KOSPI","화학","6970","420","6.41","90610000000"
"010640","진양폴리","KOSPI","화학","7540","830","12.37","75400000000"
"100250","진양홀딩스","KOSPI","화학","3300","10","0.30","184454463600"
"051630","진양화학","KOSPI","화학","3330","250","8.12","52614000000"
"272450","진에어","KOSPI","운수창고업","11930","230","1.97","622746000000"
"011000","진원생명과학","KOSPI","의약품","2685","120","4.68","210702198645"
"002780","진흥기업","KOSPI","건설업","1006","1","0.10","146344575470"
"002787","진흥기업2우B","KOSPI","건설업","12410","-20","-0.16","3658567280"
"002785","진흥기업우B","KOSPI","건설업","4230","30","0.71","3626032140"
"009310","참엔지니어링","KOSPI","기계","507","-7","-1.36","43027781433"
"000650","천일고속","KOSPI","운수창고업","48500","300","0.62","69317170000"
"012600","청호ICT","KOSPI","기계","2490","0","0.00","116119947330"
"033250","체시스","KOSPI","운수장비","1365","-60","-4.21","43680000000"
"035720","카카오","KOSPI","서비스업","53600","0","0.00","23860219560000"
"323410","카카오뱅크","KOSPI","은행","28100","-150","-0.53","13401483949700"
"377300","카카오페이","KOSPI","기타금융","39400","-100","-0.25","5292924804200"
"006380","카프로","KOSPI","화학","732","0","0.00","29280000000"
"001620","케이비아이동국실업","KOSPI","운수장비","571","-14","-2.39","63548320701"
"029460","케이씨","KOSPI","의료정밀","23300","1950","9.13","315809225200"
"281820","케이씨텍","KOSPI","의료정밀","41650","-2450","-5.56","868883807400"
"381970","케이카","KOSPI","유통업","13330","330","2.54","642267033090"
"145270","케이탑리츠","KOSPI","서비스업","1035","1","0.10","49742901090"
"417310","코람코더원리츠","KOSPI","서비스업","5030","70","1.41","203212000000"
"357120","코람코라이프인프라리츠","KOSPI","서비스업","5090","30","0.59","450640472660"
"007815","코리아써우","KOSPI","전기전자","6820","-140","-2.01","20219185800"
"007810","코리아써키트","KOSPI","전기전자","18100","-660","-3.52","427535593100"
"00781K","코리아써키트2우B","KOSPI","전기전자","7340","10","0.14","5752350660"
"003690","코리안리","KOSPI","보험","8510","160","1.92","1407277646260"
"192820","코스맥스","KOSPI","화학","113500","2700","2.44","1288169271500"
"044820","코스맥스비티아이","KOSPI","기타금융","9770","-130","-1.31","93830308170"
"005070","코스모신소재","KOSPI","화학","169200","-300","-0.18","5500819915200"
"005420","코스모화학","KOSPI","화학","37950","150","0.40","1457592252600"
"071950","코아스","KOSPI","기타제조업","525","0","0.00","16226285250"
"002020","코오롱","KOSPI","기타금융","17700","-120","-0.67","223487740200"
"003070","코오롱글로벌","KOSPI","건설업","9180","-20","-0.22","173802305340"
"003075","코오롱글로벌우","KOSPI","건설업","13870","140","1.02","10274022190"
"450140","코오롱모빌리티그룹","KOSPI","유통업","3685","-150","-3.91","231334166250"
"45014K","코오롱모빌리티그룹우","KOSPI","유통업","6030","0","0.00","14810403600"
"002025","코오롱우","KOSPI","기타금융","13320","-200","-1.48","14337514800"
"120110","코오롱인더","KOSPI","화학","37750","-100","-0.26","1038845685250"
"120115","코오롱인더우","KOSPI","화학","22150","-150","-0.67","61308099000"
"138490","코오롱플라스틱","KOSPI","화학","7520","-30","-0.40","285760000000"
"021240","코웨이","KOSPI","서비스업","56300","-700","-1.23","4154918549700"
"036420","콘텐트리중앙","KOSPI","서비스업","13930","450","3.34","268323950440"
"031820","콤텍시스템","KOSPI","서비스업","710","-39","-5.21","85946540860"
"192400","쿠쿠홀딩스","KOSPI","기타금융","18560","-20","-0.11","660034153600"
"284740","쿠쿠홈시스","KOSPI","서비스업","21900","50","0.23","491377527000"
"264900","크라운제과","KOSPI","음식료품","8370","50","0.60","104824624500"
"26490K","크라운제과우","KOSPI","음식료품","10640","10","0.09","8230678400"
"005740","크라운해태홀딩스","KOSPI","기타금융","6050","130","2.20","89826449350"
"005745","크라운해태홀딩스우","KOSPI","기타금융","10100","40","0.40","6067332600"
"259960","크래프톤","KOSPI","서비스업","236000","-4500","-1.87","11414020348000"
"020120","키다리스튜디오","KOSPI","서비스업","5160","-100","-1.90","191161312560"
"039490","키움증권","KOSPI","증권","131400","-2400","-1.79","3446189168400"
"014580","태경비케이","KOSPI","비금속광물","5930","-30","-0.50","163567783000"
"015890","태경산업","KOSPI","화학","6060","-10","-0.16","177126225000"
"006890","태경케미컬","KOSPI","화학","12900","50","0.39","149640000000"
"003240","태광산업","KOSPI","화학","720000","3000","0.42","801648000000"
"011280","태림포장","KOSPI","종이목재","3265","-105","-3.12","231181394100"
"004100","태양금속","KOSPI","운수장비","2500","-85","-3.29","91750000000"
"004105","태양금속우","KOSPI","운수장비","4850","-150","-3.00","16005000000"
"009410","태영건설","KOSPI","건설업","2310","0","0.00","89856916380"
"009415","태영건설우","KOSPI","건설업","3565","0","0.00","4642136230"
"001420","태원물산","KOSPI","운수장비","4380","30","0.69","33288000000"
"007980","태평양물산","KOSPI","섬유의복","1786","-24","-1.33","91108848298"
"055490","테이팩스","KOSPI","화학","25850","0","0.00","123166202500"
"078000","텔코웨어","KOSPI","서비스업","10740","50","0.47","104207062440"
"214420","토니모리","KOSPI","화학","5850","300","5.41","140720574150"
"019180","티에이치엔","KOSPI","전기전자","3620","-5","-0.14","65160000000"
"363280","티와이홀딩스","KOSPI","기타금융","3355","0","0.00","169190194140"
"36328K","티와이홀딩스우","KOSPI","기타금융","5500","0","0.00","6836577000"
"091810","티웨이항공","KOSPI","운수창고업","2635","40","1.54","567523601760"
"004870","티웨이홀딩스","KOSPI","비금속광물","466","10","2.19","52011048938"
"005690","파미셀","KOSPI","의약품","6550","-180","-2.67","393111114200"
"036580","팜스코","KOSPI","음식료품","3110","5","0.16","114223902730"
"004720","팜젠사이언스","KOSPI","의약품","5840","70","1.21","106162586000"
"028670","팬오션","KOSPI","운수창고업","4435","35","0.80","2370815785720"
"010820","퍼스텍","KOSPI","기계","3320","50","1.53","161922834160"
"016800","퍼시스","KOSPI","기타제조업","35400","0","0.00","407100000000"
"001020","페이퍼코리아","KOSPI","종이목재","905","-10","-1.09","161074898265"
"090080","평화산업","KOSPI","운수장비","1202","0","0.00","65992515318"
"010770","평화홀딩스","KOSPI","운수장비","3030","0","0.00","44315161980"
"022100","포스코DX","KOSPI","서비스업","53000","-400","-0.75","8057840637000"
"058430","포스코스틸리온","KOSPI","철강금속","50100","-300","-0.60","300600000000"
"047050","포스코인터내셔널","KOSPI","유통업","56500","600","1.07","9939637522000"
"003670","포스코퓨처엠","KOSPI","전기전자","318500","0","0.00","24672035570000"
"017810","풀무원","KOSPI","음식료품","10570","270","2.62","402934128940"
"103140","풍산","KOSPI","철강금속","48050","-250","-0.52","1346566557900"
"005810","풍산홀딩스","KOSPI","기타금융","29850","-300","-1.00","430356166200"
"950210","프레스티지바이오파마","KOSPI","서비스업","8880","-10","-0.11","533653856400"
"009810","플레이그램","KOSPI","유통업","645","-32","-4.73","81753870615"
"086790","하나금융지주","KOSPI","기타금융","64000","100","0.16","18710822272000"
"293480","하나제약","KOSPI","의약품","13930","60","0.43","247577137780"
"039130","하나투어","KOSPI","서비스업","69800","1500","2.20","1119535113000"
"352820","하이브","KOSPI","서비스업","195800","600","0.31","8155480592600"
"071090","하이스틸","KOSPI","철강금속","3125","-10","-0.32","63098346875"
"019490","하이트론","KOSPI","전기전자","1014","13","1.30","27997781136"
"000080","하이트진로","KOSPI","음식료품","20400","100","0.49","1430725664400"
"000087","하이트진로2우B","KOSPI","음식료품","15770","20","0.13","17822276260"
"000140","하이트진로홀딩스","KOSPI","기타금융","9060","60","0.67","210253290900"
"000145","하이트진로홀딩스우","KOSPI","기타금융","11990","0","0.00","5645011900"
"152550","한국ANKOR유전","KOSPI","기타금융","349","-2","-0.57","24436980000"
"036460","한국가스공사","KOSPI","전기가스업","27950","100","0.36","2580148350000"
"005430","한국공항","KOSPI","운수창고업","61500","5900","10.61","194730832500"
"071050","한국금융지주","KOSPI","기타금융","71400","-1400","-1.92","3978835828800"
"071055","한국금융지주우","KOSPI","기타금융","49500","150","0.30","289983424500"
"010040","한국내화","KOSPI","비금속광물","2915","10","0.34","119710485730"
"025540","한국단자","KOSPI","전기전자","62700","-300","-0.48","653020500000"
"010100","한국무브넥스","KOSPI","운수장비","5480","-80","-1.44","166868301600"
"004090","한국석유","KOSPI","비금속광물","12460","-40","-0.32","158168735200"
"002200","한국수출포장","KOSPI","종이목재","3015","-25","-0.82","120600000000"
"002960","한국쉘석유","KOSPI","화학","251500","3000","1.21","326950000000"
"000240","한국앤컴퍼니","KOSPI","기타금융","16170","180","1.13","1535102830800"
"123890","한국자산신탁","KOSPI","기타금융","3425","-15","-0.44","424623800600"
"015760","한국전력","KOSPI","전기가스업","22800","-50","-0.22","14636780955600"
"006200","한국전자홀딩스","KOSPI","기타금융","955","-1","-0.10","44696994880"
"027970","한국제지","KOSPI","종이목재","1021","-3","-0.29","194171979977"
"023350","한국종합기술","KOSPI","서비스업","5770","10","0.17","63181500000"
"025890","한국주강","KOSPI","기계","2615","-5","-0.19","29573712285"
"000970","한국주철관","KOSPI","철강금속","6460","-70","-1.07","147291230000"
"104700","한국철강","KOSPI","철강금속","9450","120","1.29","401152500000"
"017960","한국카본","KOSPI","기계","10630","-120","-1.12","551786844760"
"161890","한국콜마","KOSPI","화학","46050","250","0.55","1087013795850"
"024720","한국콜마홀딩스","KOSPI","기타금융","8300","20","0.24","305187016000"
"161390","한국타이어앤테크놀로지","KOSPI","화학","54500","1400","2.64","6751191260500"
"034830","한국토지신탁","KOSPI","기타금융","1031","6","0.59","260316396130"
"007280","한국특강","KOSPI","철강금속","1757","7","0.40","106848987427"
"168490","한국패러랠","KOSPI","기타금융","243","-11","-4.33","19444860000"
"047810","한국항공우주","KOSPI","운수장비","50300","350","0.70","4902997882100"
"123690","한국화장품","KOSPI","유통업","6080","40","0.66","97693440000"
"003350","한국화장품제조","KOSPI","화학","24600","300","1.23","111487200000"
"011500","한농화성","KOSPI","화학","22500","-100","-0.44","351833445000"
"002390","한독","KOSPI","의약품","14230","-10","-0.07","195855074590"
"053690","한미글로벌","KOSPI","서비스업","17140","130","0.76","187812407000"
"042700","한미반도체","KOSPI","기계","93800","0","0.00","9130426527600"
"008930","한미사이언스","KOSPI","기타금융","42100","700","1.69","2945187174000"
"128940","한미약품","KOSPI","의약품","333000","-1000","-0.30","4266060003000"
"009240","한샘","KOSPI","유통업","49300","650","1.34","1160222650400"
"020000","한섬","KOSPI","섬유의복","20150","270","1.36","471479775000"
"003680","한성기업","KOSPI","음식료품","5960","-80","-1.32","37008709400"
"105630","한세실업","KOSPI","섬유의복","20250","-500","-2.41","810000000000"
"069640","한세엠케이","KOSPI","유통업","2000","0","0.00","60213004000"
"016450","한세예스24홀딩스","KOSPI","섬유의복","4695","10","0.21","187800000000"
"010420","한솔PNS","KOSPI","유통업","1228","8","0.66","25165418736"
"009180","한솔로지스틱스","KOSPI","운수창고업","2505","15","0.60","69519323625"
"213500","한솔제지","KOSPI","종이목재","10480","30","0.29","249430036480"
"014680","한솔케미칼","KOSPI","화학","201000","-9500","-4.51","2278374195000"
"004710","한솔테크닉스","KOSPI","전기전자","6260","-90","-1.42","201007836280"
"004150","한솔홀딩스","KOSPI","기타금융","3060","30","0.99","128546245620"
"025750","한솔홈데코","KOSPI","종이목재","791","1","0.13","63727032859"
"004960","한신공영","KOSPI","건설업","6870","0","0.00","79490722740"
"011700","한신기계","KOSPI","기계","5150","-60","-1.15","167097677650"
"001750","한양증권","KOSPI","증권","10990","190","1.76","139886588660"
"001755","한양증권우","KOSPI","증권","14000","-280","-1.96","7350000000"
"018880","한온시스템","KOSPI","기계","5730","-40","-0.69","3058674000000"
"009420","한올바이오파마","KOSPI","의약품","38100","-150","-0.39","1990368307800"
"014130","한익스프레스","KOSPI","운수창고업","4835","-10","-0.21","58020000000"
"300720","한일시멘트","KOSPI","비금속광물","12180","90","0.74","843605557200"
"002220","한일철강","KOSPI","철강금속","2700","20","0.75","72083142000"
"006390","한일현대시멘트","KOSPI","비금속광물","15020","30","0.20","290301633440"
"003300","한일홀딩스","KOSPI","비금속광물","12820","10","0.08","395277572880"
"051600","한전KPS","KOSPI","건설업","36300","-300","-0.82","1633500000000"
"052690","한전기술","KOSPI","서비스업","67300","-800","-1.17","2572206000000"
"130660","한전산업","KOSPI","서비스업","7500","-10","-0.13","244500000000"
"002320","한진","KOSPI","운수창고업","24100","450","1.90","360237834800"
"003480","한진중공업홀딩스","KOSPI","전기가스업","3240","5","0.15","95676590880"
"180640","한진칼","KOSPI","운수창고업","59400","-600","-1.00","3965679372600"
"18064K","한진칼우","KOSPI","운수창고업","25850","50","0.19","13875401100"
"005110","한창","KOSPI","유통업","1400","38","2.79","26048969800"
"009460","한창제지","KOSPI","종이목재","860","6","0.70","51314037960"
"372910","한컴라이프케어","KOSPI","의료정밀","4635","-35","-0.75","128270871810"
"000880","한화","KOSPI","화학","28600","-500","-1.72","2143819821000"
"00088K","한화3우B","KOSPI","화학","15210","30","0.20","341799120000"
"452260","한화갤러리아","KOSPI","유통업","1486","-7","-0.47","288075380460"
"45226K","한화갤러리아우","KOSPI","유통업","3460","-30","-0.86","10049466200"
"451800","한화리츠","KOSPI","서비스업","5250","50","0.96","370650000000"
"088350","한화생명","KOSPI","보험","3195","-55","-1.69","2774953350000"
"000370","한화손해보험","KOSPI","보험","4830","-10","-0.21","563848959450"
"009830","한화솔루션","KOSPI","화학","27600","50","0.18","4744233993600"
"009835","한화솔루션우","KOSPI","화학","22000","400","1.85","56657678000"
"272210","한화시스템","KOSPI","전기전자","17620","340","1.97","3328759634180"
"012450","한화에어로스페이스","KOSPI","운수장비","202000","8300","4.28","10227260000000"
"082740","한화엔진","KOSPI","기계","10150","20","0.20","846988491300"
"042660","한화오션","KOSPI","운수장비","30700","350","1.15","9405218199300"
"000885","한화우","KOSPI","화학","31300","-150","-0.48","15001902200"
"003530","한화투자증권","KOSPI","증권","3970","-115","-2.82","851754666750"
"003535","한화투자증권우","KOSPI","증권","8840","-130","-1.45","42432000000"
"195870","해성디에스","KOSPI","전기전자","49450","-100","-0.20","840650000000"
"101530","해태제과식품","KOSPI","음식료품","5480","0","0.00","159560184560"
"143210","핸즈코퍼레이션","KOSPI","운수장비","2695","70","2.67","58955138165"
"000720","현대건설","KOSPI","건설업","34100","-200","-0.58","3797231586500"
"000725","현대건설우","KOSPI","건설업","50100","0","0.00","52840119300"
"453340","현대그린푸드","KOSPI","유통업","11910","90","0.76","403521685740"
"086280","현대글로비스","KOSPI","운수창고업","187400","700","0.37","7027500000000"
"064350","현대로템","KOSPI","운수장비","32400","1100","3.51","3536210293200"
"079430","현대리바트","KOSPI","기타제조업","7700","170","2.26","158121671400"
"012330","현대모비스","KOSPI","운수장비","262000","-4000","-1.50","24537634628000"
"010620","현대미포조선","KOSPI","운수장비","66400","900","1.37","2652158693600"
"069960","현대백화점","KOSPI","유통업","51000","600","1.19","1193524491000"
"004560","현대비앤지스틸","KOSPI","철강금속","21100","250","1.20","318162912100"
"004310","현대약품","KOSPI","의약품","3940","0","0.00","126080000000"
"017800","현대엘리베이","KOSPI","기계","40950","-350","-0.85","1600833165750"
"307950","현대오토에버","KOSPI","서비스업","147300","-1500","-1.01","4039552548600"
"011210","현대위아","KOSPI","운수장비","59900","-100","-0.17","1628985471700"
"004020","현대제철","KOSPI","철강금속","32850","-200","-0.61","4383694037250"
"005440","현대지에프홀딩스","KOSPI","기타금융","4550","140","3.17","709364569550"
"005380","현대차","KOSPI","운수장비","243500","-8500","-3.37","51507921711000"
"005387","현대차2우B","KOSPI","운수장비","158800","-3900","-2.40","5735950803600"
"005389","현대차3우B","KOSPI","운수장비","153900","-1700","-1.09","370044547200"
"005385","현대차우","KOSPI","운수장비","158700","-3500","-2.16","3826751985300"
"001500","현대차증권","KOSPI","증권","9420","-90","-0.95","298732334040"
"011760","현대코퍼레이션","KOSPI","유통업","17880","-70","-0.39","236533912080"
"227840","현대코퍼레이션홀딩스","KOSPI","유통업","10680","0","0.00","97196928480"
"126560","현대퓨처넷","KOSPI","통신업","3500","35","1.01","385710307500"
"001450","현대해상","KOSPI","보험","33650","-750","-2.18","3008310000000"
"057050","현대홈쇼핑","KOSPI","유통업","51300","100","0.20","615600000000"
"093240","형지엘리트","KOSPI","섬유의복","1300","2","0.15","40501237400"
"003010","혜인","KOSPI","유통업","5750","10","0.17","73098295250"
"111110","호전실업","KOSPI","섬유의복","7270","70","0.97","70882383680"
"008770","호텔신라","KOSPI","유통업","58000","500","0.87","2276391018000"
"008775","호텔신라우","KOSPI","유통업","44800","200","0.45","33684179200"
"002460","화성산업","KOSPI","건설업","9910","10","0.10","100586500000"
"378850","화승알앤에이","KOSPI","운수장비","4215","-5","-0.12","80058120945"
"241590","화승엔터프라이즈","KOSPI","기타제조업","7570","10","0.13","458660819320"
"006060","화승인더","KOSPI","화학","3480","5","0.14","192513600000"
"013520","화승코퍼레이션","KOSPI","운수장비","1845","-58","-3.05","92344559940"
"010690","화신","KOSPI","운수장비","11460","-80","-0.69","400187898600"
"133820","화인베스틸","KOSPI","철강금속","1460","0","0.00","43680452280"
"010660","화천기계","KOSPI","기계","8600","460","5.65","189200000000"
"000850","화천기공","KOSPI","기계","35950","-150","-0.42","79090000000"
"016580","환인제약","KOSPI","의약품","14560","30","0.21","270817019200"
"032560","황금에스티","KOSPI","철강금속","6940","-10","-0.14","117980000000"
"004800","효성","KOSPI","기타금융","57300","-400","-0.69","1207369732500"
"094280","효성ITX","KOSPI","서비스업","12450","0","0.00","143899590000"
"298040","효성중공업","KOSPI","전기전자","239000","-12500","-4.97","2228566972000"
"298050","효성첨단소재","KOSPI","화학","335000","-4000","-1.18","1500782580000"
"298020","효성티앤씨","KOSPI","화학","296500","-1500","-0.50","1283157713000"
"298000","효성화학","KOSPI","화학","62500","800","1.30","236988187500"
"093370","후성","KOSPI","화학","7970","-200","-2.45","751986268880"
"081660","휠라홀딩스","KOSPI","유통업","38900","-1000","-2.51","2363261435800"
"005870","휴니드","KOSPI","전기전자","6930","100","1.46","97823983950"
"079980","휴비스","KOSPI","화학","3935","-15","-0.38","135757500000"
"005010","휴스틸","KOSPI","철강금속","5100","0","0.00","286559182500"
"000540","흥국화재","KOSPI","보험","4280","-190","-4.25","274958520600"
"000545","흥국화재우","KOSPI","보험","7500","-500","-6.25","5760000000"
"003280","흥아해운","KOSPI","운수창고업","2540","-115","-4.33","610679243460"